서울,19357
번째,2651
호텔,65554
인상적,548
도시,2050
중심부,670
위치,29661
객실,18958
비치,651
물품,220
근,165
숙면,340
수,58440
아침,17713
식사,14686
개인,1922
여행,10221
편이,299
오전,349
8,2063
시,6432
김,1358
포,1231
공항,10360
출발,344
비행기,570
서울역,1797
근처,12014
결과,203
결정,696
소문,123
러브호텔,579
구조,562
고양이,120
다리,198
욕조,3573
프런트,1433
일본어,1296
대응,503
서비스,11449
빵,2044
2,15438
종류,1276
삶,367
달걀,578
시리얼,1085
쥬스,271
우유,950
커피,5410
배,735
생각,9248
저,20761
남대문,1124
시장,2381
등,6721
것,45439
만족도,246
요금,1543
500,185
엔,180
정도,10334
니,292
명동,10831
실내,1305
나름,739
로그,109
인,3022
이용,11961
기회,1227
골든,101
기간,609
이곳,8179
남대,190
문,3790
접근,1901
조금,2088
골목길,376
곳,24503
밤,8310
가도,243
위험,257
일,11309
남성,139
심플,430
관광지,1450
도착,5070
후,3716
버스,10034
방법,1327
지금,912
번,6835
숙박,6476
처음,4485
스위트,1247
룸,11745
더블,2742
둘,1000
고급,1082
분위기,4163
은,2994
방,42749
필요,6097
구비,692
드라이기,715
변압기,140
편리,8795
욕실,9476
화장실,8468
세면대,1102
목욕,601
바닥,2887
슬리퍼,691
지참,112
샤워,5837
커튼,954
물,3776
냉장고,2592
안,3536
워터,140
하루,3303
병,729
무료,8301
주스,1265
점,6634
콘,206
레이크,109
온돌,858
겨울,1440
장,939
신발,260
일반적,1135
위,2358
역,16446
동대문,2839
쇼핑,7743
조명,1301
거울,445
빗,138
무선,895
랜,187
불편,4402
가격,13980
기준,316
허용,326
때,15280
발견,822
터,729
여기,4962
입지,583
옆,4830
회,493
현역,335
도보,3310
3,10887
분,24352
바퀴,112
짐,4785
문제,5314
앞,4346
길이,133
약간,852
주의,516
욕,361
방도,425
모양,316
확인,2026
소,231
테이블,994
정리,595
후기,653
사이,1120
조심,339
젖,368
마음,3349
1,10983
용,954
도,2353
제공,8816
외출,203
거,5249
이,12882
이정,126
청결,2388
기본,1997
적인,2329
구,518
시간,10782
사람,10877
요구,574
완벽,3067
11,1901
우리,24773
예약,8997
전,4465
지역,5881
때문,10903
기대,2960
리셉션,2123
직원,30542
열쇠,269
하나,5243
개,4178
크기,2442
부족,925
대신,794
데,2917
간단,401
토스트,1821
계란,1076
바나나,158
아무것,547
상품,177
그,7356
친절,25369
검색,826
여성,1093
중,5127
도움,5763
요청,2200
날씨,626
가난,224
소리,2279
영어,6591
줄,1074
여자,1841
과,1537
기,929
지하철,13189
액세스,903
프론트,3962
데스크,3156
삼촌,116
근무,265
반,434
제가,2820
언어,494
도움말,169
이외,170
나,13573
묵,463
4,6594
출구,3301
남산,2013
타워,1908
일부,1344
지방,382
수준,1571
음식,6998
퀄리티,292
도심,1278
속,492
편안,11325
휴식,1104
야외,380
수영장,2017
가족,5252
단위,176
스테이,1071
방문,6787
보임,199
고객,1797
느낌,5671
모습,775
업그레이드,1066
복,292
전달,151
아이,3103
수영,295
걷기,150
놀이,125
매트,150
설치,504
거기,737
에어컨,3115
온도,1170
조절,714
한참,181
금요일,281
토요일,259
투숙,3083
추천,9209
행사,334
파티,1224
새벽,619
잠,3379
기억,1622
천장,633
저녁,2884
9,2157
침대,12410
즉시,338
해결,847
티,2238
비,1850
상태,2159
다음날,884
말,2903
연락,490
있음,1703
키,1386
고,820
조언,510
상황,609
사과,459
전반적,2613
유아,141
동반,186
측면,201
덕분,1092
휴가,876
숙박료,185
대비,2543
노력,478
유명,1016
규모,267
안락,619
부분,1513
차이,289
장점,1503
하기,372
특별,1174
날,2651
값,428
주고,424
가능성,112
주말,1371
참고,474
년,1968
60,296
박,4802
특급,352
원래,459
측,204
북,213
날짜,103
관리,1984
실망,1224
변경,1615
문자,164
컴,368
메일,256
지하,1421
주차장,795
주차,1710
안내,2455
본관,109
건물,3194
연결,2253
이동,2475
우산,315
구석,133
누군가,188
을,2937
로비,3246
끝,602
입실,126
뷰,2333
지불,1181
비용,1168
랙,115
풀,243
층,8329
최대,370
가,1177
한잔,265
잔,498
유료,266
라,2063
급,1891
조식,7098
가짓수,113
메이드,151
질,442
편,5204
그릇,248
요리,2228
준비,2626
미안,281
이유,961
만큼,1433
최고,5585
돈,1653
운영,783
개선,665
스파,802
포함,1692
침실,848
만족,5867
렉,121
용품,1176
사용,7109
선호,317
시청,711
다음,7351
바가지,110
해외,311
트리,335
한식,400
부,1025
전날,247
한가지,652
체크,3704
아웃,3032
손님,3730
외,999
홈페이지,223
주신,681
남자,1066
감사,4249
인사,831
사진,1981
대처,103
말씀,301
전망,1709
성비,722
응대,840
엘,500
레,803
베이,322
수가,330
리,2064
뉴,338
얼,273
인상,716
포인트,293
가지,2260
먹을거리,127
합리적,1435
체크인,5529
시간대,133
감수,100
감동,791
이제,192
컨디션,1179
노후,168
음악,297
감상,151
사랑,1485
다양,2567
참,134
실과,163
메뉴,1294
아쉬움,211
프로,548
모션,165
부탁,585
담당,184
청소,3900
번창,141
호,1948
산책,893
클럽,1600
동,649
향기,115
개별,244
습,161
방안,222
재,1043
의사,802
아들,508
발,617
대,4175
내,7058
와이프,252
겸,394
경험,3555
6,3421
개월,414
아기,449
숙소,3290
외부,494
최악,870
5,9536
12,1285
수도,569
공사,371
도로,1375
진행,259
계속,671
소음,1905
저희,4277
신경,1465
새,1382
센터,1464
건,1023
상,470
방음,953
교체,426
잘못,287
최소한,240
투숙객,734
예상,535
추가,1239
금액,225
차,2980
한마디,219
컴퓨터,2358
아내,874
보기,311
비교,728
야간,213
조,387
군,115
동일,274
유지,615
뿐,1133
이후,1211
식당,4536
내용,237
인지,242
움,385
창문,1919
개방,106
인테리어,1719
환기,453
전화,2524
선택,3988
맛,1851
디,1796
럭스,1009
연말,320
단점,1942
자세,294
여유,631
현관,193
출입,189
가능,3220
로,1514
이상한,204
냄새,2960
다음번,530
16,209
배정,674
키즈,105
주문,838
구입,372
10,6167
간,822
제대,334
제한,485
트윈,1904
혜택,154
스타,633
다,834
관련,251
마사지,254
거실,835
창,973
난방,1180
탓,127
건조,529
레스토랑,6204
베이커리,197
바,3257
태도,376
별,1104
할인,753
계산,201
회원,192
설명,1600
불쾌,251
럭셔리,176
시설,10636
물론,492
충족,228
엘리베이터,1833
카드,1036
나중,477
세트,226
쪽,1644
밥,466
장소,3101
이야기,1392
국내,232
가까이,538
피자,126
가게,1528
충무로,514
기념일,295
차례,102
면,1271
환경,1212
여행객,1255
매력,161
내부,1380
기분,3185
안정,121
태국,280
집,5503
가을,323
철,324
한,2621
베드,1220
거리,11120
시내,1995
전기,548
포트,202
곰팡이,400
먼지,775
결제,318
불친절,195
개인적,839
경우,6995
대부분,2048
걱정,1433
향,248
긍정적,217
매력적,251
유일,1332
한눈,100
사이즈,1017
킹,401
수면,185
기본적,1328
미니,860
스피커,152
시스템,983
구경,754
바람,510
전체적,2523
가구,727
마루,137
하다,1540
어린이,147
전경,135
피곤,334
힐링,264
과일,752
샐러드,237
술,507
주시,405
미소,776
몸,517
듯,2120
세심,198
배려,711
덕,106
객,295
피트,430
니스,606
제품,396
한국,8327
메,297
너,180
마지막,1812
비행,439
기기,132
신청,111
낮,636
한번,1014
오후,744
택시,4304
목적지,137
거부,188
맘,906
외국인,1234
친구,7503
여,1658
최고급,136
성,1634
님,307
귀,100
이번,1394
지가,185
스튜디오,230
분리,711
풍경,411
크림,144
주,2045
올해,106
통,307
원,2872
7,3043
만,2592
칵테일,204
야경,862
커플,610
강추,777
1000,105
기념,207
계획,818
별도,436
사항,789
제일,194
고층,233
업,392
글,639
프리미엄,108
사우나,1270
삼,675
월,4308
엄마,812
선물,291
마련,503
앤,238
열,289
프로그램,182
정성,223
동시,317
오랜만,371
내가,1139
오픈,1023
뻔,104
음,168
이미지,125
취소,594
수정,135
진심,255
셋,259
영장,149
바깥,501
의자,530
불가능,190
유용,473
리조트,111
프리미어,182
애,328
힐,854
링,176
볼거리,188
근접,174
편리함,170
러,168
교통,2273
주변,6886
먹거리,381
면세점,178
적합,629
밖,2552
활동,298
언제,395
인도,135
초,421
여름,909
최소,103
달,650
결혼식,183
식이,127
공기,522
벨,190
운동,368
하수구,243
머리카락,299
경,175
결국,1089
무엇,3091
자체,1824
마,552
그곳,536
백,241
스카이,435
라운지,2160
연기,108
이벤트,298
노래,201
추억,695
디저트,124
특성,164
문제점,116
얘기,937
하룻밤,1114
적용,165
정상,136
부대,291
공간,4977
뭐,785
가벼운,152
가기,1202
그것,1132
오늘,140
신라,753
타입,305
심,200
애프터,105
눈,794
패키지,611
식,947
감,211
뷔페,1366
무,272
메인,781
시티,915
하면서,163
치킨,450
맥주,786
구성,668
카,345
충전,405
30,1306
동안,5466
제외,784
샤워실,1460
단계,353
마무리,133
동급,161
등급,203
양식,126
공,307
작년,386
굿,621
문의,452
처리,438
모든,5082
부근,254
자리,791
동의,203
대중교통,262
프라이,108
얼마,970
바베큐,467
가요,179
평일,187
보통,831
작동,1479
기온,112
실,1888
답변,592
풀장,104
21,331
오신,193
작고,891
아시아,670
임,672
국,349
나머지,335
규칙,120
세계,701
어디,1515
이상,3385
핫,311
00,326
주간,182
18,133
마인드,138
각각,103
현지,398
교육,452
전문,167
들,719
부담,555
실수,249
작성,160
부스,412
곳곳,291
선,1861
이중,157
히터,556
시작,1063
야,203
천,402
환불,383
누구,355
이하,218
입장,143
설,124
매,264
완전,984
적,517
이불,1236
폭,128
잠자리,194
암,144
기타,698
카페,3104
편의,1425
전용,646
세,663
미만,102
연인,176
예정,739
흠,224
탈출,136
길,4969
가치,969
지도,1404
센스,141
꿀,199
산책로,124
샴푸,1529
린스,537
최적,348
영화,532
결혼,137
19,192
행복,1042
뒤,1447
일반,1193
평,381
성인,296
아래,866
살,330
재미,232
적당,181
의,3678
상대적,191
생일,353
조정,158
스위치,174
고장,290
자정,309
수리,279
함,293
오류,141
이것,1218
우수,497
저의,205
중심,1797
우선,454
첫째,142
넘,290
절,167
입맛,100
예전,323
점심,439
당황,298
찜질,147
최상,213
지에,176
사이드,148
경치,326
불만,796
외국,669
역사,720
문화,1274
공원,1121
구매,272
요즘,252
티크,481
한강,642
본인,120
표정,156
말투,140
황,147
형,332
입구,1498
딸,548
역시나,207
와인,610
한국어,1390
이름,1512
중국,620
적응,149
관광,2795
중국인,228
축제,133
위주,100
당신,1719
공용,1268
작지,641
감탄,169
해,1059
2013,281
추운,231
조건,599
사실,1537
가격대비,377
내년,102
유일한,480
한복판,279
상상,266
본,205
신선,207
지인,383
어른,146
금,382
모두,1395
양이,112
하,2218
게,297
요,432
28,163
부부,277
포기,235
크리스마스,223
씨,763
한지,105
나라,310
고려,798
팀,356
예,799
코스,216
매니저,1783
분주,137
하우스,13728
키핑,352
아주머니,212
입,255
침구,1603
리필,166
온수,456
답,149
40,211
도중,120
절대,145
침,305
ㅎ,517
이해,947
주기,112
장비,102
불,280
첫날,525
중간,856
짜증,175
컵,547
세면,648
왼쪽,862
기가,168
밤새,233
라도,304
2011,181
파자마,124
그때,247
명,2574
케이크,153
환영,756
주전자,480
소파,416
벽,1534
유리,477
정,710
물이,442
설정,639
리어,185
전체,1420
최선,320
법,125
정말,345
편의점,2987
적극,804
모,352
언덕,1160
단체,297
지,1823
운전사,332
옛날,118
하면,496
극장,128
대기,189
15,1868
사우,142
나도,224
일본,1199
화려,189
스포츠,107
아줌마,167
접시,260
속도,509
무시,211
주소,421
연휴,291
인천,1867
계절,128
개조,284
현재,145
거대,387
모기,174
고생,140
대상,100
기도,202
실제,628
발생,446
헬스장,240
품질,397
만약,1531
종일,394
낭비,187
쉬,113
책상,368
사이트,1032
전자,397
메시지,150
테라스,705
개성,141
작업,916
웹,419
운,957
서양식,206
사전,394
남편,641
자동차,357
브랜드,449
칼,145
그녀,2082
다섯,256
검토,124
이틀,906
여섯,103
평면,693
응답,255
전통적,781
한국식,520
중인,118
대학,387
참석,152
픽업,566
고정,113
80,100
비지니스,879
리무진,1605
이전,822
등록,127
하드,193
레지,763
매트리스,621
도구,683
면도,125
로션,390
위생,234
젤,481
두꺼운,107
비데,396
변기,825
평균,390
제어,335
장치,451
한글,157
헤어,835
딸기,245
셔틀,1744
2017,228
닭,218
특정,321
기능,590
산,419
주저,163
남,605
사려,154
최근,634
노,640
콘래드,110
방의,362
순간,441
인기,325
50,640
중요,1152
옵션,608
출장,1441
해당,762
20,1480
후회,579
한데,121
정보,2438
랩,128
하라,173
미터,577
환상적,1140
이지만,563
나의,427
자,654
자동,227
음료,1045
인정,101
의미,260
로컬,266
일정,474
기구,214
수용,181
가이드,169
리뷰,1059
17,139
평가,343
비트,253
사무실,300
건너,426
레인,170
머신,265
세부,185
예의,281
민망,107
올,324
사용자,548
매일,601
생활,189
이태원,1257
45,199
알,178
책자,182
표시,871
독특,376
실행,327
자신,895
익스프레스,141
얼굴,506
바디,723
각,275
한국인,891
드라이버,245
베개,1116
인식,177
종,143
체험,425
그랜드,507
제안,292
래드,154
5000,129
손,597
코,1407
엑스,779
이것을,114
패널,135
통화,337
희망,212
초기,186
2015,187
홍,4077
콩,352
영국,127
버튼,233
나무,295
영역,414
오른쪽,978
블록,785
진,621
약속,223
진정,364
스타일,980
건강,184
강력,504
베,204
큐,539
다운,165
타운,154
직접,371
불평,321
마찬가지,162
약,2266
코트,217
정확,269
당시,152
흰색,242
재료,112
앤드,104
정책,114
전철역,397
대학교,486
오렌지,602
라인,654
플라스틱,157
중심지,261
종로,1387
시트,1070
싱크대,234
보호,176
명이,383
르,538
게다,385
충,123
흥미,561
ㄴ,527
상자,143
전송,199
권한,108
아주,288
전문적,182
스프,233
빌딩,393
동료,189
효율적,408
신속,343
리스,130
스탠다드,453
플러그,257
이상적,324
아름,302
존재,130
표준,497
누,368
항,197
원격,220
중앙,698
얼음,117
과정,135
대로,435
어이,132
보수,120
방해,300
위층,298
아래층,408
연,407
토,182
이웃,171
지침,205
대답,630
27,126
저장,285
신용,223
기차,701
꼭대기,391
차지,147
자전거,150
만일,153
페리,154
14,378
옥상,1026
체,127
구사,1134
그림,277
지원,846
현대,444
금연,234
어지,262
단지,471
강,548
충격,167
구로,352
디지털,191
인근,592
독산,234
포장,205
하이,198
길가,123
돼지,115
머리,756
접수,289
미,395
외관,398
설비,376
접속,233
수압,512
칫솔,1037
수건,2998
흡연,349
어려움,243
종합,102
사업,154
목적,538
공짜,235
인터넷,2871
대의,294
인치,296
채널,1039
홈,430
플러스,146
수퍼,128
마켓,219
피로,242
러브,765
모텔,3031
얼룩,343
벌레,304
배수,225
혼자,1705
비밀,165
번호,530
콘센트,281
역과,344
보관,369
단,722
밑,269
쓰레기,319
자국,169
여분,249
옆방,295
진짜,373
티슈,102
친,329
신,1426
만원,119
학생,328
고민,506
셀프,321
다행,328
사,375
스태프,218
여러분,186
며칠,354
도어락,108
안심,356
피,456
정수기,532
와이,3012
파이,2997
워시,359
휴지,155
케이,195
팝,336
지점,235
안전,1831
절해,149
강남,2344
강북,116
하세,248
비누,716
타월,626
안성맞춤,102
짱,230
볼일,111
에어콘,122
잼,926
버터,634
씨리얼,135
자기,524
지하철역,2802
주위,821
커피숍,658
주점,145
번화가,383
배낭,248
지로,286
던,536
전부,240
일주일,489
여행자,1110
권장,211
인스턴트,174
혼합,119
항목,303
전자렌지,202
세탁기,1724
을지,403
소요,209
기차역,765
주일,223
통신,184
국제,455
열차,185
홍익,489
케이블,329
보안,466
어댑터,166
주방,1793
레인지,152
라면,564
가방,1437
아무,332
종이,126
화재,102
종료,383
통해,282
블럭,168
정거장,1013
주요,1519
명소,1473
니트,132
발코니,458
옷,1031
수행,342
예산,692
상점,2072
절감,146
활용,126
정류장,3758
노선,370
의사소통,362
패밀리,692
코너,515
부정적,108
한옥,3353
마을,1022
전형적,359
서양,100
연장,114
신호,317
온라인,399
암호,181
3000,146
유사,178
게스트,12805
티켓,325
충무,142
식기,121
정돈,615
구역,738
단순,279
중국어,657
세탁,1459
가운데,419
탑,703
자유,137
치약,745
면도기,262
세척,107
세제,248
띠,115
골목,1494
안쪽,239
담배,837
업무,608
목욕탕,177
음식점,1208
전략적,167
여직원,411
무례,194
웃음,149
튀김,180
현대적,1493
관계,110
범위,190
웨스턴,229
24,1654
구들,544
모임,432
향후,112
사소,121
승,502
손실,134
간판,232
회의,373
장식,631
감각,111
벽지,157
볶음밥,134
비즈니스,1848
생수,563
원인,108
디자인,1562
유럽식,174
돌,102
25,479
칭찬,193
미국,584
관광객,893
협조적,1143
고속,157
전원,170
자랑,153
언급,377
촬영,196
세련,688
북쪽,151
아파트,1031
반대,284
완료,146
테마,293
운행,158
대괄호,128
파리,311
롯데,2869
월드,929
메리,309
이메일,478
숍,138
상업,135
지구,403
모던,339
주인,5503
업데이트,105
슈퍼마켓,252
팬,329
방향,642
빛,346
배치,350
공유,615
기사,466
23,143
카운터,567
대중,362
절약,206
골,111
록,138
책,426
볼,159
커버,337
유형,281
가면,251
계단,935
펜,109
방식,229
마트,806
입력,439
작,1251
동네,824
합,378
아트,365
간식,248
환,501
대형,344
옷장,699
라이트,116
보석,230
보너스,138
지붕,132
레이트,166
단일,198
세탁실,166
로드,115
체육관,121
고기,219
큰길,213
물건,688
지식,141
100,908
2014,194
프리,147
슈퍼,409
엔터테인먼트,105
캔,119
일어,248
병원,259
최신,165
건조기,386
변화,173
보,300
절한,265
술집,520
폰,141
필수,139
실력,309
그제,298
단어,231
참조,200
금고,188
잠금,284
트리플,440
복도,1195
군데,541
공동,351
부엌,1406
무선인터넷,124
안국,436
티비,550
호스텔,5515
정비,109
기숙사,491
초대,272
예술,227
프린트,131
노트북,304
조리,276
드라이어,463
샵,353
인사동,2241
점도,159
헤어드라이어,198
소통,128
싱글,1107
취향,163
학교,130
조용하,294
중의,107
청구,117
광고,247
팁,743
그룹,425
오너,208
인쇄,243
대여,284
언,136
현금,269
스토브,126
국가,131
역이,256
당,738
최,216
투어,810
타올,285
값어치,177
의심,187
여지,184
교환,211
동생,222
패션,224
멋,291
관심,335
등에,110
궁,227
궁전,226
북촌,1207
관,117
이드,213
질문,1148
화장,197
프린터,191
드라이,119
어기,115
창덕궁,503
화,108
경복궁,945
고요,236
오,672
타고,189
부산,274
운반,126
궁궐,199
안녕,171
경유,139
중지,250
인접,320
시기,218
애플,175
블라인드,124
호스트,967
금지,142
올드,140
스키,113
비디오,120
게임,213
자물쇠,112
터치,236
하느님,108
집중,104
쇼,159
만두,121
수단,181
위로,123
평화,291
식료품,152
스크린,245
루프,329
두개,171
충전기,141
기존,118
정원,534
여기저기,198
힘,168
가습기,119
가시,100
대한,156
인터,224
아,184
지배인,162
추석,112
중심가,417
광화문,469
삼청동,211
우,313
교통편,302
성당,221
보고,323
내고,222
회사,311
보상,225
채,152
비가,325
이랑,217
어머니,260
서,201
나들이,158
꺼,242
당일,252
백화점,956
나이,346
둘째,118
잠실,474
가성,210
세요,207
팝콘,235
라운,218
가운,454
언니,321
담,462
한번쯤,117
볼만,110
제주도,215
점수,184
신세계,141
유,227
특이,163
대화,326
감각적,104
의견,136
천국,124
운전,214
스텝,569
시간당,101
플레이스,223
이것저것,151
애기,114
구도,257
등등,475
못,102
요소,192
카펫,352
청계천,553
색,187
라이프,148
지리적,212
사원,101
차량,179
성능,230
야시장,101
케이블카,332
빨래,110
6015,335
000,416
스티커,106
시도,439
반복,151
하차,201
건너편,972
스페이스,122
아이콘,137
신사,388
압구정,335
설계,290
걸음,114
빵집,276
망설임,134
쿠폰,317
아리,185
판매,167
메트로,273
화장품,239
필,100
환상,227
에스컬레이터,263
환자,112
기술,222
장애,142
기계,241
무리,172
보이,158
쇼핑몰,735
환대,373
확장,206
파크,577
분기,118
소켓,146
광장,444
13,163
행,318
담요,208
로프트,247
남부,118
길거리,480
박물관,165
공해,369
2016,182
자연,224
깨,115
패스,292
다리미,212
스킨,157
이용객,130
프린스,208
신뢰,155
트립,302
바이저,260
아름다움,126
수신,147
센서,100
영업,250
현장,110
사장님,1686
장기,448
비품,222
한복,113
전통,1217
김치,358
부인,109
일행,181
걸이,146
죽,298
마당,213
플라자,292
윤,367
계,148
혼란,151
배달,157
고궁,122
촌,811
새것,279
취사,203
스탭,553
주택,147
가가,121
번잡,130
그날,154
키친,102
하늘,110
가격대,327
투,139
팰리스,320
치즈,203
수다,186
파,315
미닫이,103
종각,232
넓이,214
소개,454
컨디셔너,161
제,281
200,317
대만족,268
세종,264
쯤,192
프라이버시,128
신한,102
운치,105
복잡,138
일대,135
윗,129
집이,125
시즌,159
집도,181
요기,114
대체적,232
형식,111
총,163
냉,124
팩,266
직전,120
로얄,137
냄비,105
국수,379
홀,597
쌀,138
베이컨,153
가든,275
샌드위치,136
영향,110
체류,234
약국,191
상가,152
놀라움,100
기능적,117
구분,226
대입,191
반면,160
10000,109
스프링,125
역사적,162
2012,498
터미널,551
몰,511
이내,339
공연,300
체인,334
갤러리,183
끈,123
부분적,126
푸드,237
기념품,128
지정,180
톤,254
일단,110
곤란,134
타,104
부모님,418
더러운,273
야식,140
맞춤,127
타임,516
계열,305
마포,258
불안,122
보완,116
페이스,135
신축,192
화면,170
조선,128
제주,101
샤워기,466
하구,104
순,149
보장,200
서대문,190
방과,247
새해,101
대로변,233
수준의,127
창밖,103
좌석,118
뒤쪽,113
특유,172
디너,101
지리,145
어,119
직진,114
특가,102
사거리,115
맞은편,363
평범,183
달러,467
26,118
봄,133
삼성,173
콘서트,148
거주지,114
개업,103
결심,122
지상,128
땅콩,238
토스터,157
전자레인지,176
언덕길,111
도미,359
토리,283
천정,179
갑,266
일본인,428
털,148
양,188
리모델링,393
카운티,255
현,266
결론,220
직,112
참여,148
정문,146
피아,169
흔적,152
개의,182
클래식,122
멤버,111
각종,115
골드,121
일회용,259
과도,152
아쿠아,109
히,213
항의,117
맨,101
도어,103
스낵,140
주택가,318
고풍,137
우울,114
류,102
쿠키,113
은행,268
랜드,159
마크,262
경사,105
부정,145
숙박비,162
맥도날드,266
타일,155
6001,190
구멍,137
텔레비전,377
직통,118
향상,122
식구,149
올림픽,187
대박,148
호수,255
교,121
캐리어,193
의향,132
뚜껑,114
퇴실,126
보증금,357
분실,191
반대편,161
요구르트,150
스마트,180
하지,116
불행,172
리지,106
번역,216
분의,200
이슬람,115
일요일,182
예기,116
옷걸이,127
나이트,283
미스터,357
도달,210
단장,147
만난,168
쓰레기통,227
조각,119
녹색,123
미국식,101
스퀘어,256
배수구,164
도넛,256
각오,130
전철,290
얼룩이,187
가로수,295
단골,102
마중,106
징,108
베스트,206
저번,133
편지,110
지난번,123
가야,131
목,184
데이,161
조망,135
이때,113
아저씨,231
리모컨,169
코드,412
영화관,234
웹사이트,115
상담,112
배서,111
에너지,113
봉,211
절대적,366
망고,138
도자기,116
유럽,261
끼,103
대리석,179
탐험,120
철도,307
하우,104
유진,147
대역,326
관리자,220
영하,144
반환,116
ㄹ,121
원룸,132
강아지,145
여의도,493
이비,126
플렉스,113
무한,108
땅,167
보일러,128
막걸리,102
주인장,147
신기,153
음료수,163
귤,112
애용,104
구석구석,114
서양인,156
상관,140
기계식,132
외의,105
스톱,110
밀집,107
불빛,149
존,132
육,121
요약,151
이층,124
일본식,137
인은,111
영등포,168
야드,178
화가,197
칸,118
표지판,102
비빔밥,184
꼭지,104
프레이,224
말레이시아,166
제이,181
호주,113
카테고리,119
옥,100
열기,158
지시,117
주장,121
악취,112
침대보,108
논,128
6009,163
스트리트,108
패스트,123
수요일,111
명령,103
공덕,195
탁자,108
바게트,198
해지,132
경로,151
노점상,103
퍼시픽,165
150,126
가정,214
핸드,114
마차,101
코리아,111
보행자,108
정역,222
다정,133
분명,114
리모콘,174
심야,109
즈음,102
아이스크림,123
서랍,155
소유,151
군대,113
6002,223
소유자,114
센트럴,114
햄,128
제임스,144
온돌방,133
구두,146
"15,000",173
교회,106
촉,141
청소부,113
조명도,103
사당,172
묘역,126
관광호텔,108
남산골,117
젊은이,115
사고,153
유창,120
스프레드,114
캘리포니아,107
비스타,158
연세,115
남동,173
"10,000",180
낙서,118
여관,246
여대,146
아침밥,102
경기장,128
교대,111
통금,104
대림,312
소포,138
동인,114
마르틴,121
전액,114
